,Rank,School,Conf,W-L,AdjEM,AdjO,AdjO Rank,AdjD,AdjD Rank,AdjT,AdjT Rank,Luck,Luck Rank,AdjEMOpp,AdjEMOpp Rank,OppO,OppO Rank,OppD,OppD Rank,NCSOS AdjEM,NCSOS AdjEM Rank,NewOff,NewDef,NewEff
0,1.0,Virginia 1,ACC,31-2,32.15,116.5,21,84.4,1,59.2,351.0,0.032,98.0,9.99,25.0,110.9,29.0,100.9,26.0,0.22,160.0,0.732186732186732,1.0,0.8660933660933661
1,2.0,Villanova 1,BE,30-4,31.41,127.4,1,96.0,22,68.3,168.0,-0.018000000000000002,222.0,10.23,20.0,111.3,19.0,101.1,30.0,4.11,64.0,1.0,0.7163814180929096,0.8581907090464548
2,3.0,Duke 2,ACC,26-7,29.13,122.6,3,93.5,7,70.0,78.0,-0.028999999999999998,260.0,10.9,13.0,111.0,26.0,100.1,10.0,4.61,51.0,0.8820638820638818,0.7775061124694378,0.8297849972666598
3,4.0,Cincinnati 2,Amer,30-4,27.0,113.2,54,86.2,2,64.7,322.0,-0.004,183.0,3.18,89.0,107.0,97.0,103.8,91.0,-4.14,295.0,0.6511056511056511,0.9559902200488998,0.8035479355772754
4,5.0,Purdue 2,B10,28-6,26.67,123.2,2,96.6,28,67.2,219.0,0.003,167.0,8.55,44.0,109.3,54.0,100.8,22.0,0.91,145.0,0.8968058968058967,0.7017114914425431,0.7992586941242199
5,6.0,Michigan St. 3,B10,29-4,26.35,120.0,9,93.6,9,67.1,222.0,0.048,64.0,6.5,64.0,109.0,62.0,102.5,67.0,-4.7,303.0,0.818181818181818,0.7750611246943768,0.7966214714380975
6,7.0,North Carolina 2,ACC,25-10,25.03,122.0,4,96.9,34,71.0,50.0,-0.019,227.0,14.05,1.0,112.5,1.0,98.4,1.0,7.99,15.0,0.8673218673218672,0.6943765281173593,0.7808491977196133
7,8.0,Gonzaga 4,WCC,30-4,24.74,119.8,12,95.1,17,69.0,125.0,-0.006,191.0,0.95,127.0,106.6,107.0,105.6,154.0,3.24,82.0,0.8132678132678131,0.7383863080684598,0.7758270606681364
8,9.0,Kansas 1,B12,27-7,23.24,120.9,6,97.7,46,68.4,161.0,0.06,50.0,11.49,6.0,111.7,12.0,100.2,11.0,3.71,76.0,0.8402948402948403,0.6748166259168704,0.7575557331058553
9,10.0,Michigan 3,B10,28-7,23.19,115.9,29,92.7,5,64.4,333.0,0.037000000000000005,90.0,8.78,41.0,111.1,22.0,102.3,63.0,-4.6,300.0,0.7174447174447175,0.7970660146699267,0.757255366057322
10,11.0,Tennessee 3,SEC,25-8,22.15,114.8,40,92.7,4,66.2,271.0,0.04,81.0,11.62,4.0,112.2,2.0,100.5,15.0,7.56,18.0,0.6904176904176902,0.7970660146699267,0.7437418525438084
11,12.0,Texas Tech 3,B12,24-9,21.94,114.0,46,92.1,3,66.6,248.0,-0.021,236.0,9.26,37.0,110.4,38.0,101.1,34.0,-5.12,312.0,0.6707616707616706,0.8117359413202936,0.7412488060409821
12,13.0,West Virginia 5,B12,24-10,21.77,119.2,14,97.4,39,69.0,117.0,-0.009000000000000001,197.0,10.48,18.0,109.9,43.0,99.5,2.0,-4.24,297.0,0.7985257985257985,0.6821515892420538,0.7403386938839261
13,14.0,Xavier 1,BE,28-5,21.69,120.7,7,99.0,59,70.4,61.0,0.109,9.0,9.62,31.0,110.3,39.0,100.7,18.0,2.09,107.0,0.8353808353808353,0.6430317848410758,0.7392063101109556
14,15.0,Ohio St. 5,B10,24-8,21.11,116.2,27,95.0,16,66.4,260.0,0.027000000000000003,107.0,8.16,51.0,109.8,47.0,101.6,48.0,0.41,153.0,0.7248157248157248,0.7408312958435208,0.7328235103296228
15,16.0,Auburn 4,SEC,25-7,20.63,118.2,16,97.6,44,72.3,21.0,-0.012,204.0,7.53,56.0,109.1,61.0,101.5,46.0,-1.75,215.0,0.7739557739557739,0.6772616136919318,0.7256086938238528
16,17.0,Houston 6,Amer,26-7,20.54,115.8,31,95.2,18,68.2,174.0,-0.009000000000000001,200.0,3.39,86.0,106.7,103.0,103.3,80.0,-2.71,251.0,0.7149877149877149,0.7359413202933985,0.7254645176405567
17,18.0,Kentucky 5,SEC,24-10,20.41,116.4,25,96.0,23,68.6,154.0,-0.001,177.0,11.17,9.0,111.1,21.0,99.9,4.0,5.05,43.0,0.7297297297297297,0.7163814180929096,0.7230555739113196
18,19.0,Clemson 5,ACC,23-9,20.27,113.8,48,93.5,8,65.6,297.0,0.004,163.0,9.76,30.0,110.9,28.0,101.1,36.0,-1.85,217.0,0.6658476658476656,0.7775061124694378,0.7216768891585517
19,20.0,Wichita St. 4,Amer,25-7,20.07,121.9,5,101.9,107,68.6,149.0,-0.015,215.0,5.55,74.0,107.9,78.0,102.3,64.0,2.05,108.0,0.8648648648648649,0.572127139364303,0.718496002114584
20,21.0,Arizona 4,P12,27-7,19.37,119.0,15,99.6,70,67.3,215.0,0.025,116.0,6.33,66.0,108.9,65.0,102.6,69.0,2.82,86.0,0.7936117936117935,0.6283618581907092,0.7109868259012513
21,22.0,TCU 6,B12,21-11,18.92,120.6,8,101.7,104,68.7,142.0,-0.057999999999999996,311.0,9.82,27.0,111.5,15.0,101.6,50.0,-0.43,178.0,0.8329238329238327,0.5770171149144254,0.704970473919129
22,23.0,Florida 6,SEC,20-12,18.71,115.1,37,96.4,25,66.8,239.0,-0.049,294.0,10.74,14.0,110.7,32.0,100.0,7.0,4.49,54.0,0.6977886977886976,0.706601466992665,0.7021950823906813
23,24.0,Nevada 7,MWC,27-7,18.18,119.9,10,101.7,105,69.5,99.0,-0.027999999999999997,259.0,4.45,79.0,107.3,90.0,102.9,72.0,4.2,61.0,0.8157248157248157,0.5770171149144254,0.6963709653196206
24,25.0,Butler 10,BE,20-13,17.87,115.8,32,97.9,48,67.8,189.0,-0.037000000000000005,271.0,10.58,17.0,111.9,7.0,101.3,42.0,0.27,157.0,0.7149877149877149,0.669926650366748,0.6924571826772314
25,26.0,Seton Hall 8,BE,21-11,17.34,116.3,26,99.0,58,69.3,104.0,-0.02,234.0,9.58,34.0,110.4,36.0,100.9,24.0,0.42,152.0,0.7272727272727271,0.6430317848410758,0.6851522560569014
26,27.0,Creighton 8,BE,21-11,17.28,116.5,22,99.2,61,70.8,53.0,-0.018000000000000002,226.0,9.23,38.0,111.1,20.0,101.9,55.0,-3.82,291.0,0.732186732186732,0.6381418092909535,0.6851642707388428
27,28.0,Saint Mary's,WCC,28-5,17.16,119.8,11,102.7,119,63.8,341.0,-0.003,181.0,-1.4,172.0,104.6,180.0,106.0,175.0,-3.66,285.0,0.8132678132678131,0.5525672371638142,0.6829175252158136
28,29.0,Penn St.,B10,21-13,17.1,113.1,57,96.0,21,67.6,205.0,-0.078,336.0,6.76,61.0,109.4,51.0,102.7,71.0,-6.04,322.0,0.6486486486486484,0.7163814180929096,0.682515033370779
29,30.0,Texas A&M; 7,SEC,20-12,16.91,111.2,71,94.3,12,69.0,120.0,-0.006999999999999999,194.0,11.34,7.0,112.1,3.0,100.8,21.0,5.29,38.0,0.6019656019656019,0.7579462102689488,0.6799559061172753
30,31.0,Notre Dame,ACC,20-14,16.82,116.1,28,99.3,63,65.0,317.0,-0.055,307.0,9.76,29.0,110.8,31.0,101.0,28.0,-1.19,194.0,0.7223587223587221,0.6356968215158926,0.6790277719373073
31,32.0,Virginia Tech 8,ACC,21-11,16.64,115.0,39,98.4,54,68.7,144.0,-0.003,180.0,8.18,49.0,109.9,44.0,101.7,52.0,-9.57,344.0,0.6953316953316953,0.6577017114914425,0.6765167034115689
32,33.0,Louisville,ACC,20-13,16.59,113.1,55,96.6,27,69.7,91.0,-0.02,232.0,9.59,33.0,110.5,35.0,100.9,27.0,-2.03,223.0,0.6486486486486484,0.7017114914425431,0.6751800700455957
33,34.0,Baylor,B12,18-14,16.16,111.2,72,95.0,15,66.4,257.0,-0.068,324.0,11.02,11.0,112.1,4.0,101.1,31.0,-3.54,282.0,0.6019656019656019,0.7408312958435208,0.6713984489045614
34,35.0,Florida St. 9,ACC,20-11,15.82,115.8,30,100.0,76,71.6,31.0,-0.032,265.0,7.99,54.0,109.2,59.0,101.2,38.0,-6.72,331.0,0.7149877149877149,0.6185819070904646,0.6667848110390897
35,36.0,Miami FL 6,ACC,22-9,15.71,113.3,52,97.6,45,67.1,225.0,0.034,95.0,8.17,50.0,109.6,50.0,101.4,44.0,-3.58,283.0,0.6535626535626534,0.6772616136919318,0.6654121336272927
36,37.0,Arkansas 7,SEC,23-11,15.63,117.3,19,101.7,103,69.7,90.0,0.062,41.0,10.15,22.0,111.0,25.0,100.9,25.0,1.3,135.0,0.7518427518427516,0.5770171149144254,0.6644299333785886
37,38.0,Missouri 8,SEC,20-12,15.47,113.3,53,97.8,47,65.6,298.0,-0.021,237.0,9.6,32.0,110.1,42.0,100.5,13.0,1.3,136.0,0.6535626535626534,0.6723716381418094,0.6629671458522315
38,39.0,Texas 10,B12,19-14,15.46,109.4,94,93.9,10,65.2,315.0,-0.018000000000000002,223.0,11.77,3.0,111.7,11.0,99.9,5.0,2.19,105.0,0.5577395577395577,0.7677261613691931,0.6627328595543754
39,40.0,USC,P12,23-11,15.29,115.4,36,100.1,78,67.5,208.0,-0.013999999999999999,212.0,5.97,70.0,108.9,64.0,102.9,75.0,1.8,116.0,0.7051597051597052,0.6161369193154036,0.6606483122375544
40,41.0,Loyola Chicago 11,MVC,28-5,15.14,111.3,68,96.2,24,65.3,312.0,0.057999999999999996,53.0,0.07,140.0,103.8,224.0,103.7,89.0,-5.63,316.0,0.6044226044226042,0.7114914425427873,0.6579570234826957
41,42.0,North Carolina St. 9,ACC,21-11,15.13,116.4,24,101.3,99,71.4,40.0,0.006999999999999999,156.0,7.64,55.0,108.9,63.0,101.3,41.0,-9.44,343.0,0.7297297297297297,0.58679706601467,0.6582633978721999
42,43.0,Davidson 12,A10,21-11,14.91,117.4,18,102.5,115,64.2,335.0,-0.051,297.0,1.88,107.0,105.9,130.0,104.0,96.0,1.71,118.0,0.7542997542997543,0.5574572127139366,0.6558784835068454
43,44.0,Kansas St. 9,B12,22-11,14.75,112.2,60,97.4,41,65.5,302.0,0.055999999999999994,56.0,9.2,39.0,111.4,17.0,102.2,60.0,-6.03,321.0,0.6265356265356264,0.6821515892420538,0.65434360788884
44,45.0,Arizona St. 11,P12,20-11,14.71,117.7,17,102.9,124,71.6,36.0,-0.07200000000000001,332.0,5.8,72.0,108.1,75.0,102.3,62.0,1.53,125.0,0.7616707616707616,0.5476772616136918,0.6546740116422267
45,46.0,Maryland,B10,19-13,14.66,114.1,44,99.4,69,66.2,265.0,-0.046,287.0,8.07,52.0,109.2,57.0,101.1,37.0,-4.43,298.0,0.673218673218673,0.6332518337408313,0.6532352534797521
46,47.0,Oklahoma 10,B12,18-13,14.42,115.1,38,100.7,83,75.8,4.0,0.005,160.0,11.96,2.0,111.9,8.0,99.9,3.0,2.24,103.0,0.6977886977886976,0.6014669926650367,0.6496278452268671
47,48.0,UCLA 11,P12,21-11,14.38,116.4,23,102.1,110,70.5,57.0,-0.019,228.0,6.91,60.0,108.7,66.0,101.8,54.0,3.56,79.0,0.7297297297297297,0.5672371638141811,0.6484834467719554
48,49.0,Rhode Island 7,A10,25-7,14.38,111.7,66,97.3,38,68.7,146.0,0.037000000000000005,87.0,2.69,96.0,107.4,86.0,104.7,119.0,4.06,67.0,0.6142506142506142,0.6845965770171151,0.6494235956338646
49,50.0,San Diego St. 11,MWC,22-10,14.15,111.3,69,97.1,36,68.7,147.0,-0.015,217.0,3.37,87.0,107.5,85.0,104.2,101.0,-0.17,170.0,0.6044226044226042,0.6894865525672373,0.6469545784949208
50,51.0,Alabama 9,SEC,19-15,13.83,108.5,115,94.6,13,68.8,137.0,0.0,173.0,11.03,10.0,111.0,24.0,100.0,8.0,3.02,85.0,0.5356265356265355,0.7506112469437656,0.6431188912851505
51,52.0,Middle Tennessee,CUSA,24-7,13.78,110.4,79,96.7,31,66.3,262.0,-0.0,176.0,2.69,97.0,107.4,87.0,104.7,117.0,8.27,13.0,0.5823095823095823,0.6992665036674817,0.640788042988532
52,53.0,Marquette,BE,19-13,13.74,119.3,13,105.6,176,69.1,116.0,0.018000000000000002,126.0,10.61,16.0,111.8,9.0,101.2,39.0,-0.18,171.0,0.8009828009828008,0.48166259168704173,0.6413226963349212
53,54.0,Syracuse 11,ACC,20-13,13.59,107.7,128,94.1,11,63.4,342.0,0.006999999999999999,157.0,8.72,43.0,111.0,27.0,102.2,61.0,-0.23,172.0,0.5159705159705159,0.7628361858190711,0.6394033508947935
54,55.0,New Mexico St. 12,WAC,28-5,13.56,108.5,116,94.9,14,68.2,173.0,0.032,97.0,-1.51,176.0,104.2,199.0,105.8,162.0,4.19,62.0,0.5356265356265355,0.7432762836185818,0.6394514096225586
55,56.0,Oklahoma St.,B12,19-14,13.48,112.1,61,98.7,55,68.5,160.0,-0.006999999999999999,192.0,10.21,21.0,111.7,13.0,101.5,45.0,-5.02,310.0,0.6240786240786238,0.6503667481662592,0.6372226861224415
56,57.0,Nebraska,B10,22-10,13.43,111.0,75,97.5,43,67.5,207.0,0.066,35.0,6.65,63.0,108.6,70.0,101.9,56.0,-3.18,269.0,0.5970515970515969,0.6797066014669928,0.6383790992592948
57,58.0,Boise St.,MWC,23-8,13.13,110.6,77,97.5,42,68.4,164.0,0.011000000000000001,144.0,2.21,100.0,106.9,100.0,104.7,118.0,-1.6,207.0,0.5872235872235869,0.6797066014669928,0.6334650943452899
58,59.0,Murray St. 12,OVC,26-5,12.7,113.1,56,100.4,82,67.3,216.0,-0.013000000000000001,208.0,-4.19,261.0,102.8,275.0,107.0,237.0,-0.76,183.0,0.6486486486486484,0.60880195599022,0.6287253023194341
59,60.0,Western Kentucky,CUSA,24-10,12.55,113.6,50,101.1,93,68.7,140.0,-0.006,189.0,2.01,105.0,106.2,116.0,104.2,103.0,3.91,73.0,0.6609336609336607,0.5916870415647923,0.6263103512492265
60,61.0,LSU,SEC,17-14,12.47,115.6,33,103.2,128,68.2,171.0,-0.03,263.0,8.74,42.0,110.4,37.0,101.7,51.0,-2.71,250.0,0.7100737100737098,0.5403422982885085,0.6252080041811092
61,62.0,Mississippi St.,SEC,22-11,12.36,109.6,91,97.3,37,67.6,200.0,0.028999999999999998,105.0,6.06,69.0,108.5,72.0,102.4,65.0,-10.42,345.0,0.5626535626535624,0.6845965770171151,0.6236250698353387
62,63.0,Providence 10,BE,21-13,11.92,108.9,104,97.0,35,67.1,223.0,0.08800000000000001,20.0,10.42,19.0,112.0,5.0,101.6,49.0,-1.02,187.0,0.5454545454545455,0.6919315403422983,0.6186930428984219
63,64.0,Georgia,SEC,18-15,11.91,107.8,127,95.9,20,64.4,332.0,0.01,145.0,10.66,15.0,111.8,10.0,101.1,35.0,0.95,143.0,0.5184275184275182,0.7188264058679705,0.6186269621477444
64,65.0,Utah,P12,19-11,11.88,111.9,64,100.0,75,65.6,299.0,0.015,133.0,6.17,67.0,109.1,60.0,103.0,76.0,-0.8,184.0,0.6191646191646192,0.6185819070904646,0.6188732631275419
65,66.0,Louisiana Lafayette,SB,27-6,11.37,113.5,51,102.1,111,70.3,69.0,0.045,67.0,-2.81,230.0,103.5,239.0,106.3,197.0,-0.37,176.0,0.6584766584766584,0.5672371638141811,0.6128569111454197
66,67.0,South Dakota,Sum,26-8,11.36,110.1,83,98.8,56,70.3,67.0,-0.047,289.0,-2.41,213.0,105.4,148.0,107.8,277.0,-1.32,200.0,0.5749385749385747,0.6479217603911982,0.6114301676648864
67,68.0,Old Dominion,CUSA,25-7,11.33,108.7,107,97.4,40,64.4,330.0,0.040999999999999995,76.0,-1.74,187.0,104.4,189.0,106.2,186.0,-3.25,275.0,0.5405405405405405,0.6821515892420538,0.6113460648912972
68,69.0,St. Bonaventure 11,A10,25-7,11.2,112.3,59,101.1,94,69.2,109.0,0.077,25.0,2.2,101.0,107.0,98.0,104.8,121.0,1.43,128.0,0.6289926289926288,0.5916870415647923,0.6103398352787106
69,70.0,BYU,WCC,24-10,10.97,109.0,102,98.1,52,67.3,212.0,0.021,121.0,0.9,129.0,107.0,96.0,106.1,181.0,-1.89,219.0,0.5479115479115478,0.6650366748166261,0.606474111364087
70,71.0,Montana 14,BSky,26-7,10.83,110.1,82,99.3,65,68.0,183.0,-0.005,185.0,-2.18,204.0,104.3,196.0,106.5,206.0,2.52,91.0,0.5749385749385747,0.6356968215158926,0.6053176982272337
71,72.0,Vermont,AE,27-7,10.76,114.1,43,103.4,130,63.8,340.0,-0.051,295.0,-3.73,249.0,102.6,283.0,106.3,190.0,4.7,49.0,0.673218673218673,0.5354523227383863,0.6043354979785296
72,73.0,Boston College,ACC,19-15,10.72,113.8,47,103.1,126,70.1,73.0,0.005,161.0,8.27,48.0,109.4,53.0,101.1,32.0,-6.88,335.0,0.6658476658476656,0.5427872860635699,0.6043174759556178
73,74.0,Wisconsin,B10,15-18,10.62,110.0,85,99.4,68,62.7,347.0,-0.068,325.0,10.06,23.0,111.3,18.0,101.3,40.0,0.14,164.0,0.5724815724815724,0.6332518337408313,0.6028667031112018
74,75.0,South Dakota St. 12,Sum,28-6,10.59,114.6,41,104.0,148,70.3,71.0,0.111,7.0,-0.1,141.0,106.1,118.0,106.2,189.0,3.91,72.0,0.6855036855036852,0.5207823960880196,0.6031430407958525
75,76.0,Oregon,P12,22-12,10.57,110.9,76,100.3,80,66.7,242.0,0.01,146.0,3.84,82.0,108.3,74.0,104.4,110.0,-5.92,320.0,0.5945945945945946,0.6112469437652813,0.602920769179938
76,77.0,Buffalo 13,MAC,26-8,10.49,114.3,42,103.8,138,72.8,15.0,-0.005,188.0,-1.02,165.0,104.8,174.0,105.8,167.0,4.08,66.0,0.678132678132678,0.525672371638142,0.60190252488541
77,78.0,Indiana,B10,16-15,10.4,109.7,90,99.3,66,66.6,246.0,-0.025,254.0,8.04,53.0,110.1,41.0,102.0,58.0,-2.39,239.0,0.5651105651105651,0.6356968215158926,0.6004036933132288
78,79.0,Fresno St.,MWC,21-11,10.2,110.1,84,99.9,74,66.6,247.0,-0.057,309.0,1.24,120.0,106.3,113.0,105.1,132.0,-5.85,318.0,0.5749385749385747,0.6210268948655255,0.5979827349020501
79,80.0,St. John's,BE,16-17,10.09,106.7,143,96.6,29,69.3,106.0,-0.016,219.0,11.24,8.0,112.0,6.0,100.7,19.0,3.63,77.0,0.49140049140049136,0.7017114914425431,0.5965559914215173
80,81.0,South Carolina,SEC,17-16,9.99,105.8,158,95.8,19,68.6,150.0,0.003,168.0,9.98,26.0,110.5,34.0,100.6,16.0,0.92,144.0,0.4692874692874691,0.7212713936430319,0.5952794314652505
81,82.0,UNC Greensboro 13,SC,27-7,9.06,105.7,164,96.6,30,65.0,318.0,-0.011000000000000001,203.0,-4.99,282.0,103.6,231.0,108.6,319.0,-3.23,273.0,0.4668304668304668,0.7017114914425431,0.5842709791365049
82,83.0,Belmont,OVC,24-9,9.02,113.0,58,104.0,146,66.9,234.0,-0.004,182.0,-3.05,233.0,103.5,240.0,106.6,216.0,1.55,123.0,0.646191646191646,0.5207823960880196,0.5834870211398329
83,84.0,Stanford,P12,18-15,8.8,108.5,114,99.7,71,70.4,66.0,0.013999999999999999,139.0,6.74,62.0,109.9,45.0,103.2,78.0,4.13,63.0,0.5356265356265355,0.6259168704156479,0.5807717030210917
84,85.0,SMU,Amer,17-16,8.78,109.9,86,101.1,95,64.2,334.0,-0.102,347.0,2.8,95.0,105.9,128.0,103.1,77.0,-3.76,289.0,0.5700245700245701,0.5916870415647923,0.5808558057946812
85,86.0,Temple,Amer,17-15,8.29,109.1,100,100.8,88,67.6,203.0,0.039,82.0,8.43,46.0,109.2,58.0,100.8,20.0,9.23,9.0,0.5503685503685501,0.5990220048899757,0.5746952776292629
86,87.0,Northwestern,B10,15-17,8.27,109.3,98,101.0,92,63.8,339.0,-0.068,326.0,8.82,40.0,109.4,52.0,100.6,17.0,-1.61,208.0,0.5552825552825551,0.5941320293398533,0.5747072923112042
87,88.0,Vanderbilt,SEC,12-20,8.08,115.6,34,107.5,216,65.8,287.0,-0.08,337.0,11.5,5.0,111.4,16.0,99.9,6.0,4.63,50.0,0.7100737100737098,0.4352078239608802,0.572640767017295
88,89.0,Wake Forest,ACC,11-20,8.0,111.1,73,103.1,125,69.4,103.0,-0.12,350.0,9.36,36.0,109.9,46.0,100.5,14.0,-1.16,193.0,0.5995085995085992,0.5427872860635699,0.5711479427860846
89,90.0,Iowa,B10,14-19,7.92,116.7,20,108.8,243,70.3,68.0,-0.09,341.0,8.3,47.0,109.7,48.0,101.4,43.0,-3.85,292.0,0.7371007371007371,0.4034229828850857,0.5702618599929115
90,91.0,Utah Valley,WAC,22-10,7.92,111.0,74,103.1,127,67.7,196.0,0.006999999999999999,154.0,-1.53,177.0,102.9,268.0,104.5,112.0,1.8,117.0,0.5970515970515969,0.5427872860635699,0.5699194415575835
91,92.0,East Tennessee St.,SC,25-9,7.53,105.6,167,98.1,51,67.6,201.0,-0.0,175.0,-3.87,256.0,104.1,207.0,107.9,287.0,-1.33,201.0,0.4643734643734641,0.6650366748166261,0.5647050695950451
92,93.0,Furman,SC,23-10,7.42,109.3,97,101.9,108,68.6,153.0,-0.005,187.0,-4.24,263.0,103.5,242.0,107.7,274.0,-0.68,182.0,0.5552825552825551,0.572127139364303,0.5637048473234291
93,94.0,Oregon St.,P12,16-16,7.38,108.8,105,101.5,101,65.5,305.0,-0.083,340.0,3.63,83.0,107.9,77.0,104.3,105.0,-6.98,336.0,0.5429975429975428,0.5819070904645478,0.5624523167310453
94,95.0,Northern Kentucky,Horz,22-9,7.3,108.2,119,100.9,90,68.5,156.0,-0.065,320.0,-5.08,284.0,102.4,292.0,107.5,265.0,1.99,109.0,0.5282555282555282,0.5965770171149143,0.5624162726852213
95,96.0,Georgia St. 15,SB,24-10,7.21,109.0,101,101.8,106,66.9,236.0,-0.022000000000000002,238.0,-2.79,227.0,103.7,226.0,106.5,211.0,-2.88,259.0,0.5479115479115478,0.5745721271393645,0.5612418375254562
96,97.0,Northeastern,CAA,23-10,7.18,107.9,123,100.8,85,67.0,231.0,0.03,100.0,-1.16,169.0,106.6,105.0,107.8,278.0,4.33,57.0,0.5208845208845209,0.5990220048899757,0.5599532628872483
97,98.0,Washington,P12,20-12,7.01,106.3,152,99.3,62,69.5,100.0,0.08,21.0,4.77,77.0,108.6,69.0,103.8,92.0,0.17,162.0,0.4815724815724814,0.6356968215158926,0.558634651544187
98,99.0,Georgetown,BE,15-15,6.94,109.8,89,102.9,123,70.4,60.0,-0.046,286.0,6.08,68.0,108.6,68.0,102.5,68.0,-17.96,351.0,0.5675675675675674,0.5476772616136918,0.5576224145906297
99,100.0,Bucknell 14,Pat,25-9,6.81,109.2,99,102.4,112,71.4,37.0,0.02,125.0,-4.85,279.0,102.9,271.0,107.7,272.0,6.15,29.0,0.5528255528255528,0.5599022004889975,0.5563638766572752
100,101.0,DePaul,BE,11-20,6.74,104.8,183,98.0,49,69.8,86.0,-0.10300000000000001,348.0,9.79,28.0,111.6,14.0,101.8,53.0,-4.06,294.0,0.44471744471744457,0.6674816625916871,0.5560995536545659
101,102.0,New Mexico,MWC,19-15,6.66,113.7,49,107.0,208,71.3,42.0,-0.022000000000000002,241.0,3.11,90.0,106.5,110.0,103.4,82.0,1.85,114.0,0.6633906633906633,0.4474327628361858,0.5554117131134246
102,103.0,Illinois,B10,14-18,6.58,109.9,88,103.3,129,69.9,84.0,-0.09300000000000001,343.0,7.51,57.0,108.6,67.0,101.1,33.0,-2.87,258.0,0.5700245700245701,0.5378973105134475,0.5539609402690088
103,104.0,Iowa St.,B12,13-18,6.57,110.2,81,103.6,132,68.9,128.0,-0.009000000000000001,196.0,11.0,12.0,111.0,23.0,100.0,9.0,-2.87,257.0,0.5773955773955773,0.5305623471882642,0.5539789622919208
104,105.0,Mississippi,SEC,12-20,6.53,111.5,67,105.0,163,70.0,77.0,-0.053,301.0,10.04,24.0,110.3,40.0,100.2,12.0,1.01,142.0,0.6093366093366093,0.4963325183374083,0.5528345638370088
105,106.0,UNLV,MWC,20-13,6.52,111.7,65,105.2,169,72.3,20.0,-0.012,205.0,1.22,122.0,106.5,109.0,105.3,145.0,-4.71,304.0,0.6142506142506142,0.49144254278728605,0.5528465785189501
106,107.0,Tulsa,Amer,19-12,6.18,108.6,112,102.4,113,67.2,221.0,0.028999999999999998,104.0,1.08,126.0,106.1,117.0,105.1,131.0,-1.74,214.0,0.5380835380835378,0.5599022004889975,0.5489928692862677
107,108.0,Northern Colorado,BSky,22-12,6.13,107.4,134,101.3,98,71.2,45.0,-0.044000000000000004,283.0,-0.94,163.0,105.5,145.0,106.4,202.0,1.94,111.0,0.5085995085995086,0.58679706601467,0.5476982873070892
108,109.0,UCF,Amer,19-13,5.8,99.2,278,93.4,6,64.4,331.0,0.062,45.0,2.97,94.0,107.1,93.0,104.1,100.0,-2.11,229.0,0.3071253071253071,0.7799511002444988,0.5435382036849029
109,110.0,Colorado,P12,17-15,5.68,105.4,169,99.7,72,67.7,194.0,0.068,34.0,6.94,59.0,110.8,30.0,103.9,93.0,0.38,154.0,0.4594594594594595,0.6259168704156479,0.5426881649375537
110,111.0,Stephen F. Austin 14,Slnd,28-6,5.56,105.0,177,99.4,67,71.1,48.0,0.037000000000000005,85.0,-7.58,330.0,100.8,330.0,108.4,312.0,-2.05,225.0,0.4496314496314495,0.6332518337408313,0.5414416416861404
111,112.0,Grand Canyon,WAC,22-11,5.5,102.4,226,96.9,33,69.0,119.0,-0.055,306.0,-6.46,309.0,100.3,337.0,106.8,227.0,-10.88,346.0,0.3857493857493858,0.6943765281173593,0.5400629569333726
112,113.0,UAB,CUSA,20-13,5.47,109.5,92,104.1,149,67.6,199.0,-0.047,291.0,-1.5,175.0,104.5,186.0,106.0,178.0,-6.79,333.0,0.5601965601965601,0.5183374083129586,0.5392669842547593
113,114.0,Marshall 13,CUSA,24-10,5.38,109.3,96,103.9,144,74.8,6.0,0.04,80.0,-1.67,184.0,104.8,175.0,106.4,204.0,-6.83,334.0,0.5552825552825551,0.5232273838630805,0.5392549695728178
114,115.0,Wyoming,MWC,20-13,5.11,105.9,156,100.8,89,73.5,11.0,0.068,33.0,3.85,81.0,107.8,79.0,104.0,94.0,2.78,87.0,0.47174447174447176,0.5990220048899757,0.5353832383172237
115,116.0,Georgia Tech,ACC,13-19,5.03,104.0,193,98.9,57,66.1,274.0,-0.022000000000000002,242.0,8.49,45.0,109.3,55.0,100.8,23.0,-5.63,315.0,0.42506142506142497,0.6454767726161368,0.5352690988387809
116,117.0,Saint Joseph's,A10,16-16,5.02,105.8,160,100.7,84,70.5,58.0,-0.052000000000000005,299.0,0.92,128.0,105.9,133.0,105.0,127.0,1.97,110.0,0.4692874692874691,0.6014669926650367,0.5353772309762529
117,118.0,Minnesota,B10,15-17,5.0,109.0,103,104.0,145,69.8,88.0,-0.02,233.0,7.07,58.0,109.3,56.0,102.2,59.0,-4.76,305.0,0.5479115479115478,0.5207823960880196,0.5343469719997838
118,119.0,Toledo,MAC,23-11,4.94,114.1,45,109.1,255,68.4,163.0,0.049,62.0,-2.02,197.0,104.2,203.0,106.2,184.0,-1.99,221.0,0.673218673218673,0.39608801955990236,0.5346533463892877
119,120.0,College of Charleston 13,CAA,26-7,4.73,109.9,87,105.2,167,64.6,324.0,0.049,63.0,-4.61,270.0,104.9,170.0,109.5,339.0,-7.46,337.0,0.5700245700245701,0.49144254278728605,0.5307335564059281
120,121.0,UC Santa Barbara,BW,23-9,4.69,111.9,63,107.2,210,66.6,245.0,0.034,94.0,-3.17,235.0,102.5,285.0,105.7,158.0,-0.1,168.0,0.6191646191646192,0.44254278728606355,0.5308537032253413
121,122.0,Missouri St.,MVC,18-15,4.59,108.5,113,103.9,142,65.4,308.0,-0.046,288.0,1.14,125.0,104.4,195.0,103.2,79.0,-2.78,254.0,0.5356265356265355,0.5232273838630805,0.529426959744808
122,123.0,Northern Iowa,MVC,16-16,4.27,103.3,212,99.1,60,62.6,349.0,-0.032,264.0,4.65,78.0,107.2,92.0,102.6,70.0,6.42,27.0,0.4078624078624077,0.6405867970660148,0.5242246024642112
123,124.0,San Diego,WCC,18-13,3.96,104.0,192,100.1,77,66.8,238.0,-0.02,235.0,0.5,136.0,105.4,151.0,104.9,124.0,-2.56,244.0,0.42506142506142497,0.6161369193154036,0.5205991721884142
124,125.0,Bradley,MVC,20-13,3.77,104.5,188,100.8,86,65.7,289.0,0.042,75.0,1.16,123.0,105.2,160.0,104.0,95.0,-4.23,296.0,0.43734643734643724,0.5990220048899757,0.5181842211182065
125,126.0,Idaho,BSky,22-9,3.72,109.5,93,105.8,181,65.6,301.0,0.039,83.0,-3.51,246.0,103.7,227.0,107.3,251.0,-2.68,249.0,0.5601965601965601,0.47677261613691946,0.5184845881667397
126,127.0,Penn 16,Ivy,24-8,3.7,103.6,205,99.9,73,68.9,131.0,0.078,23.0,-4.63,271.0,103.7,228.0,108.3,309.0,-2.77,253.0,0.415233415233415,0.6210268948655255,0.5181301550494702
127,128.0,UC Davis,BW,22-10,3.6,104.7,184,101.1,96,66.5,254.0,0.045,68.0,-1.03,166.0,104.1,208.0,105.1,134.0,4.58,52.0,0.44226044226044225,0.5916870415647923,0.5169737419126172
128,129.0,Eastern Washington,BSky,20-14,3.48,108.3,117,104.9,160,66.1,273.0,-0.006999999999999999,193.0,0.2,138.0,105.7,137.0,105.5,152.0,6.83,24.0,0.5307125307125306,0.4987775061124693,0.5147450184125
129,130.0,Canisius,MAAC,21-11,3.47,107.8,126,104.3,153,68.7,143.0,-0.019,229.0,-4.47,269.0,103.0,265.0,107.5,263.0,-2.65,248.0,0.5184275184275182,0.5134474327628362,0.5159374755951772
130,131.0,UT Arlington,SB,21-13,3.43,105.8,157,102.4,114,72.8,16.0,0.009000000000000001,152.0,-1.08,167.0,104.7,177.0,105.8,163.0,-1.24,196.0,0.4692874692874691,0.5599022004889975,0.5145948348882333
131,132.0,Florida Gulf Coast,ASun,23-11,3.42,108.3,118,104.9,161,71.2,44.0,-0.054000000000000006,303.0,-7.46,328.0,102.5,290.0,109.9,342.0,-0.55,179.0,0.5307125307125306,0.4987775061124693,0.5147450184125
132,133.0,Rutgers,B10,15-19,2.94,99.5,272,96.5,26,66.0,278.0,-0.043,282.0,5.67,73.0,108.6,71.0,102.9,74.0,-14.06,348.0,0.3144963144963144,0.704156479217604,0.5093263968569592
133,134.0,Iona 15,MAAC,20-13,2.87,110.3,80,107.4,212,70.7,56.0,-0.022000000000000002,239.0,-2.39,211.0,103.3,254.0,105.7,156.0,2.26,102.0,0.5798525798525797,0.43765281173594117,0.5087526957942604
134,135.0,Wright St. 14,Horz,25-9,2.82,101.1,248,98.3,53,68.2,175.0,0.055999999999999994,57.0,-4.78,274.0,102.6,281.0,107.4,257.0,2.3,100.0,0.35380835380835357,0.6601466992665038,0.5069775265374287
135,136.0,Utah St.,MWC,17-17,2.66,107.6,131,104.9,162,66.8,240.0,-0.013999999999999999,211.0,3.09,91.0,107.2,91.0,104.1,98.0,-0.66,181.0,0.5135135135135133,0.4987775061124693,0.5061455098129912
136,137.0,Southern Illinois,MVC,20-13,2.66,106.4,149,103.7,136,66.6,249.0,0.073,28.0,1.39,118.0,104.9,167.0,103.6,86.0,-3.72,286.0,0.4840294840294841,0.5281173594132029,0.5060734217213435
137,138.0,Evansville,MVC,17-15,2.66,99.5,271,96.8,32,65.7,294.0,0.015,137.0,1.46,115.0,105.8,134.0,104.3,107.0,-3.24,274.0,0.3144963144963144,0.6968215158924207,0.5056589151943676
138,139.0,Rider,MAAC,22-9,2.51,109.3,95,106.8,199,73.6,9.0,0.095,16.0,-2.88,231.0,103.3,252.0,106.2,188.0,0.64,151.0,0.5552825552825551,0.4523227383863082,0.5038026468344317
139,140.0,UC Irvine,BW,18-17,2.5,100.5,253,98.0,50,66.9,237.0,-0.025,252.0,1.74,111.0,106.4,112.0,104.7,116.0,9.62,8.0,0.339066339066339,0.6674816625916871,0.5032740008290131
140,141.0,VCU,A10,18-15,2.31,106.4,148,104.1,151,70.9,52.0,0.015,134.0,0.8,132.0,105.7,136.0,104.9,125.0,1.34,134.0,0.4840294840294841,0.5183374083129586,0.5011834461712213
141,142.0,San Francisco,WCC,18-15,2.25,103.1,216,100.9,91,66.5,250.0,0.043,72.0,1.32,119.0,107.6,84.0,106.3,193.0,-1.04,188.0,0.40294840294840273,0.5965770171149143,0.4997627100316585
142,143.0,Indiana St.,MVC,13-18,2.24,104.8,182,102.5,118,69.9,81.0,-0.09699999999999999,346.0,3.0,92.0,105.5,141.0,102.5,66.0,1.54,124.0,0.44471744471744457,0.5574572127139366,0.5010873287156905
143,144.0,Harvard,Ivy,18-13,2.14,101.4,243,99.3,64,65.5,307.0,0.0,174.0,-1.26,170.0,105.3,154.0,106.6,217.0,3.72,75.0,0.3611793611793612,0.6356968215158926,0.4984380913476269
144,145.0,Illinois St.,MVC,18-15,2.12,105.8,159,103.7,135,68.9,130.0,0.11599999999999999,5.0,4.99,75.0,106.6,108.0,101.6,47.0,6.83,23.0,0.4692874692874691,0.5281173594132029,0.498702414350336
145,146.0,Saint Louis,A10,17-16,2.12,102.4,224,100.3,79,64.1,336.0,0.003,166.0,1.54,114.0,107.3,89.0,105.8,165.0,1.29,137.0,0.3857493857493858,0.6112469437652813,0.49849816475733355
146,147.0,Eastern Michigan,MAC,21-12,2.08,103.4,210,101.3,100,64.5,326.0,0.004,164.0,-2.3,208.0,105.6,140.0,107.9,286.0,-2.09,228.0,0.4103194103194104,0.58679706601467,0.49855823816704015
147,148.0,Mercer,SC,18-14,1.86,112.1,62,110.2,272,63.9,338.0,-0.069,329.0,-3.38,241.0,103.0,263.0,106.4,203.0,0.23,159.0,0.6240786240786238,0.3691931540342298,0.4966358890564268
148,149.0,Jacksonville St.,OVC,21-12,1.81,102.2,231,100.3,81,65.9,284.0,-0.026000000000000002,256.0,-5.28,290.0,103.5,243.0,108.8,324.0,-9.1,341.0,0.3808353808353808,0.6112469437652813,0.4960411623003311
149,150.0,Georgia Southern,SB,21-12,1.76,106.3,151,104.6,157,68.8,135.0,0.015,135.0,-2.12,201.0,103.4,249.0,105.5,151.0,-1.24,195.0,0.4815724815724814,0.506112469437653,0.4938424755050672
150,151.0,Valparaiso,MVC,15-17,1.63,103.2,214,101.6,102,69.6,92.0,-0.053,302.0,1.74,110.0,105.5,144.0,103.7,88.0,-2.32,236.0,0.4054054054054054,0.5794621026894867,0.49243375404744605
151,152.0,Albany,AE,22-10,1.44,107.3,136,105.9,185,66.1,272.0,0.006999999999999999,158.0,-6.42,306.0,101.8,307.0,108.2,300.0,-4.89,307.0,0.506142506142506,0.47432762836185804,0.490235067252182
152,153.0,Cal St. Fullerton 15,BW,20-11,1.32,105.0,176,103.7,134,69.5,97.0,0.08900000000000001,19.0,-1.28,171.0,103.9,218.0,105.1,138.0,3.47,80.0,0.4496314496314495,0.5281173594132029,0.4888744045223262
153,154.0,Drake,MVC,16-16,1.23,106.8,141,105.6,174,68.0,182.0,0.013999999999999999,140.0,2.59,98.0,106.0,127.0,103.4,81.0,0.13,165.0,0.49385749385749367,0.48166259168704173,0.4877600427722677
154,155.0,Louisiana Tech,CUSA,17-16,1.21,106.9,140,105.7,179,67.3,213.0,-0.067,323.0,-0.87,158.0,104.1,205.0,105.0,128.0,-3.0,265.0,0.49631449631449637,0.4792176039119804,0.48776605011323837
155,156.0,Fort Wayne,Sum,18-14,1.17,107.6,130,106.4,192,72.6,18.0,-0.062,316.0,-1.99,194.0,104.9,168.0,106.9,231.0,-2.4,240.0,0.5135135135135133,0.4621026894865524,0.48780810150003284
156,157.0,Wofford,SC,21-12,1.11,108.7,108,107.6,220,65.9,281.0,0.057999999999999996,52.0,-2.13,202.0,104.2,201.0,106.3,194.0,2.33,97.0,0.5405405405405405,0.43276283618581923,0.48665168836317985
157,158.0,La Salle,A10,13-19,1.06,105.2,175,104.1,150,68.9,129.0,-0.07200000000000001,333.0,1.46,116.0,106.1,121.0,104.6,114.0,2.49,93.0,0.45454545454545453,0.5183374083129586,0.4864414314292066
158,159.0,Weber St.,BSky,20-11,1.03,107.1,139,106.1,187,67.6,204.0,0.037000000000000005,89.0,-2.51,216.0,104.4,191.0,106.9,233.0,0.19,161.0,0.5012285012285009,0.4694376528117361,0.4853330770201185
159,160.0,Towson,CAA,18-14,1.02,106.1,153,105.1,165,67.9,188.0,-0.07,331.0,-2.8,228.0,105.2,157.0,108.0,291.0,-2.35,237.0,0.47665847665847644,0.49388753056234735,0.4852730036104119
160,161.0,Memphis,Amer,21-13,0.95,107.9,124,107.0,202,66.5,252.0,0.135,2.0,0.85,131.0,105.2,161.0,104.3,106.0,-6.07,323.0,0.5208845208845209,0.4474327628361858,0.48415864186035334
161,162.0,Hofstra,CAA,19-12,0.81,111.3,70,110.5,280,68.8,132.0,0.062,46.0,-1.66,183.0,105.9,131.0,107.6,267.0,2.27,101.0,0.6044226044226042,0.36185819070904646,0.48314039756582533
162,163.0,Winthrop,BSth,19-12,0.76,106.3,150,105.6,175,71.6,32.0,-0.037000000000000005,272.0,-5.38,291.0,102.0,302.0,107.4,260.0,2.54,90.0,0.4815724815724814,0.48166259168704173,0.4816175366297616
163,164.0,Portland St.,BSky,20-13,0.75,108.6,111,107.9,226,74.8,7.0,0.036000000000000004,91.0,-0.53,151.0,105.5,142.0,106.0,174.0,3.88,74.0,0.5380835380835378,0.42542787286063555,0.4817557054720867
164,165.0,Lipscomb 15,ASun,23-9,0.36,103.8,197,103.4,131,74.9,5.0,0.114,6.0,-4.94,280.0,103.2,259.0,108.1,294.0,6.07,30.0,0.42014742014741996,0.5354523227383863,0.47779987144290315
165,166.0,Pacific,WCC,14-18,0.24,107.3,137,107.0,204,66.3,264.0,-0.016,218.0,2.19,102.0,106.6,104.0,104.5,111.0,2.35,96.0,0.506142506142506,0.4474327628361858,0.4767876344893459
166,167.0,Tulane,Amer,14-17,0.18,107.2,138,107.0,206,68.9,127.0,-0.018000000000000002,221.0,1.16,124.0,105.3,155.0,104.1,99.0,-5.87,319.0,0.5036855036855037,0.4474327628361858,0.47555913326084476
167,168.0,Dayton,A10,14-17,0.08,108.7,110,108.6,238,66.2,269.0,-0.004,184.0,1.69,112.0,106.1,119.0,104.4,109.0,1.7,119.0,0.5405405405405405,0.408312958435208,0.4744267494878742
168,169.0,North Dakota St.,Sum,15-17,-0.03,105.6,166,105.6,177,66.4,255.0,-0.078,335.0,0.52,135.0,106.9,101.0,106.3,196.0,1.88,113.0,0.4643734643734641,0.48166259168704173,0.47301802803025295
169,170.0,Radford 16,BSth,22-12,-0.05,103.6,203,103.6,133,62.7,346.0,0.044000000000000004,69.0,-4.43,268.0,102.7,278.0,107.1,244.0,4.01,69.0,0.415233415233415,0.5305623471882642,0.47289788121083964
170,171.0,Wagner,NEC,23-9,-0.1,103.8,195,103.9,143,67.3,214.0,0.069,30.0,-8.51,336.0,101.5,316.0,110.0,344.0,0.23,158.0,0.42014742014741996,0.5232273838630805,0.4716874020052503
171,172.0,William & Mary,CAA,19-12,-0.11,115.4,35,115.6,335,70.0,80.0,0.098,14.0,-0.7,156.0,106.0,126.0,106.7,222.0,3.61,78.0,0.7051597051597052,0.23716381418092924,0.4711617596703172
172,173.0,Connecticut,Amer,14-18,-0.25,105.3,172,105.6,173,66.9,232.0,0.075,26.0,6.37,65.0,108.3,73.0,102.0,57.0,5.28,39.0,0.45700245700245684,0.48166259168704173,0.46933252434474926
173,174.0,Ball St.,MAC,19-13,-0.31,103.6,204,103.9,139,69.9,83.0,0.06,51.0,-2.06,199.0,104.9,169.0,107.0,235.0,-1.27,197.0,0.415233415233415,0.5232273838630805,0.46923039954824775
174,175.0,UTSA,CUSA,19-14,-0.31,105.3,171,105.6,178,71.6,34.0,0.040999999999999995,77.0,-1.01,164.0,104.2,200.0,105.2,143.0,1.62,121.0,0.45700245700245684,0.48166259168704173,0.46933252434474926
175,176.0,Troy,SB,16-17,-0.38,106.4,146,106.8,198,68.2,172.0,-0.065,319.0,-0.93,162.0,104.2,202.0,105.1,135.0,-0.11,169.0,0.4840294840294841,0.4523227383863082,0.46817611120789615
176,177.0,Central Michigan,MAC,19-14,-0.46,108.1,121,108.5,236,67.2,220.0,-0.045,284.0,-3.95,257.0,103.3,255.0,107.2,250.0,-9.02,340.0,0.5257985257985256,0.41075794621026895,0.4682782360043973
177,178.0,Oakland,Horz,19-14,-0.76,107.3,135,108.1,230,70.3,72.0,0.011000000000000001,143.0,-4.69,272.0,102.9,270.0,107.6,268.0,1.35,133.0,0.506142506142506,0.4205378973105136,0.4633402017265098
178,179.0,Richmond,A10,12-20,-0.8,107.7,129,108.4,234,67.9,185.0,-0.022000000000000002,240.0,2.98,93.0,107.0,95.0,104.0,97.0,5.54,33.0,0.5159705159705159,0.4132029339853299,0.4645867249779229
179,180.0,Liberty,BSth,20-14,-0.93,104.8,180,105.7,180,63.2,344.0,-0.064,318.0,-6.14,302.0,102.2,297.0,108.4,311.0,-4.96,308.0,0.44471744471744457,0.4792176039119804,0.4619675243147125
180,181.0,Monmouth,MAAC,11-20,-1.07,103.9,194,105.0,164,70.0,79.0,-0.11199999999999999,349.0,-0.48,150.0,105.3,153.0,105.8,166.0,5.21,40.0,0.42260442260442266,0.4963325183374083,0.4594684704709155
181,182.0,Washington St.,P12,12-19,-1.44,108.8,106,110.2,273,68.3,170.0,0.004,162.0,4.9,76.0,107.8,81.0,102.9,73.0,-1.48,204.0,0.5429975429975428,0.3691931540342298,0.4560953485158863
182,183.0,Nicholls St.,Slnd,21-11,-1.6,103.6,202,105.2,168,73.5,12.0,0.037000000000000005,86.0,-5.41,293.0,102.4,291.0,107.9,279.0,4.0,70.0,0.415233415233415,0.49144254278728605,0.45333797901035056
183,184.0,UMBC 16,AE,24-10,-1.91,103.4,208,105.3,170,68.2,177.0,0.145,1.0,-5.63,296.0,102.5,286.0,108.2,296.0,-3.4,278.0,0.4103194103194104,0.4889975550122251,0.44965848266581776
184,185.0,North Texas,CUSA,15-17,-2.11,103.3,213,105.4,171,66.3,263.0,-0.04,278.0,-1.13,168.0,103.6,232.0,104.8,120.0,0.89,147.0,0.4078624078624077,0.48655256723716367,0.4472074875497857
185,186.0,Long Beach St.,BW,15-18,-2.21,106.5,145,108.7,241,71.7,27.0,0.027000000000000003,106.0,1.8,109.0,105.5,146.0,103.7,87.0,8.92,10.0,0.4864864864864864,0.4058679706601467,0.44617722857331654
186,187.0,Western Michigan,MAC,17-15,-2.29,106.5,144,108.8,249,67.8,192.0,0.01,148.0,-1.96,192.0,104.6,184.0,106.5,209.0,-2.39,238.0,0.4864864864864864,0.4034229828850857,0.44495473468578606
187,188.0,Austin Peay,OVC,18-14,-2.3,105.2,174,107.5,218,68.8,139.0,0.065,39.0,-2.05,198.0,103.8,220.0,105.9,169.0,4.34,56.0,0.45454545454545453,0.4352078239608802,0.44487663925316734
188,189.0,Seattle,WAC,20-13,-2.32,104.4,189,106.7,197,67.3,217.0,0.055,58.0,-3.63,247.0,102.5,288.0,106.1,180.0,-4.78,306.0,0.43488943488943493,0.4547677261613692,0.4448285805254021
189,190.0,Southeastern Louisiana,Slnd,22-11,-2.42,103.4,209,105.8,182,65.6,296.0,0.095,15.0,-5.58,295.0,101.5,319.0,107.1,243.0,1.51,126.0,0.4103194103194104,0.47677261613691946,0.4435460132281649
190,191.0,Princeton,Ivy,13-16,-2.45,105.7,165,108.1,231,64.5,329.0,-0.055,305.0,-1.75,188.0,104.6,179.0,106.4,201.0,2.32,98.0,0.4668304668304668,0.4205378973105136,0.4436841820704902
191,192.0,UNC Asheville,BSth,21-12,-2.52,105.8,161,108.3,232,69.1,115.0,0.111,8.0,-3.85,252.0,103.3,253.0,107.1,247.0,5.96,31.0,0.4692874692874691,0.41564792176039134,0.4424676955239302
192,193.0,Miami OH,MAC,16-17,-2.6,99.4,273,102.0,109,66.6,243.0,0.026000000000000002,108.0,-0.61,153.0,105.2,159.0,105.8,164.0,2.14,106.0,0.31203931203931207,0.5696821515892421,0.4408607318142771
193,194.0,George Washington,A10,15-18,-2.69,103.8,199,106.4,191,65.8,288.0,0.036000000000000004,93.0,0.56,134.0,105.9,129.0,105.4,147.0,0.29,155.0,0.42014742014741996,0.4621026894865524,0.44112505481698616
194,195.0,Ohio,MAC,14-17,-3.08,100.8,252,103.9,140,71.3,43.0,-0.047,292.0,-1.55,178.0,105.0,165.0,106.6,215.0,-1.89,218.0,0.34643734643734625,0.5232273838630805,0.4348323651502134
195,196.0,Hawaii,BW,17-13,-3.13,99.6,267,102.7,121,67.8,191.0,0.034,96.0,-3.46,244.0,103.5,246.0,106.9,230.0,-3.39,277.0,0.31695331695331674,0.5525672371638142,0.43476027705856546
196,197.0,Yale,Ivy,16-15,-3.18,104.0,191,107.2,211,68.8,138.0,0.042,73.0,-1.59,181.0,105.4,147.0,107.0,236.0,1.84,115.0,0.42506142506142497,0.44254278728606355,0.43380210617374426
197,198.0,Tennessee St.,OVC,15-15,-3.37,97.8,307,101.2,97,65.6,300.0,0.016,131.0,-2.81,229.0,103.9,217.0,106.7,225.0,4.21,60.0,0.2727272727272726,0.589242053789731,0.4309846632585018
198,199.0,Niagara,MAAC,19-13,-3.53,110.6,78,114.1,324,73.3,14.0,0.09300000000000001,18.0,-4.03,259.0,103.1,261.0,107.2,248.0,-3.23,272.0,0.5872235872235869,0.2738386308068461,0.4305311090152165
199,200.0,Duquesne,A10,16-16,-3.55,104.9,178,108.5,235,66.2,268.0,-0.059000000000000004,312.0,-5.86,298.0,101.8,310.0,107.7,270.0,-16.56,350.0,0.4471744471744472,0.41075794621026895,0.4289661966923581
200,201.0,Central Arkansas,Slnd,17-16,-3.63,106.1,154,109.7,266,72.6,17.0,-0.013999999999999999,213.0,-5.46,294.0,101.1,328.0,106.5,208.0,-1.67,211.0,0.47665847665847644,0.38141809290953543,0.42903828478400596
201,202.0,Illinois Chicago,Horz,17-15,-3.66,100.9,249,104.5,156,72.0,25.0,-0.013000000000000001,206.0,-5.02,283.0,102.4,294.0,107.4,261.0,-1.28,199.0,0.34889434889434895,0.508557457212714,0.4287259030535314
202,203.0,Lamar,Slnd,19-13,-3.66,102.1,233,105.8,183,67.6,202.0,-0.051,298.0,-7.1,322.0,100.8,331.0,107.9,283.0,-1.43,202.0,0.3783783783783781,0.47677261613691946,0.42757549725764876
203,204.0,St. Francis PA,NEC,18-12,-3.71,107.5,133,111.2,295,68.1,180.0,0.04,78.0,-7.28,326.0,101.9,306.0,109.2,333.0,3.23,83.0,0.511056511056511,0.34474327628361856,0.42789989367006476
204,205.0,Milwaukee,Horz,16-17,-3.75,100.2,256,103.9,141,65.7,293.0,-0.023,245.0,-4.81,275.0,102.6,282.0,107.4,259.0,-2.0,222.0,0.33169533169533166,0.5232273838630805,0.42746135777920613
205,206.0,Denver,Sum,15-15,-3.82,103.1,217,106.9,201,66.4,256.0,0.026000000000000002,110.0,-1.43,173.0,105.2,158.0,106.7,221.0,-2.95,260.0,0.40294840294840273,0.4498777506112468,0.42641307677982476
206,207.0,Massachusetts,A10,13-20,-4.03,106.8,142,110.8,285,66.4,261.0,-0.013000000000000001,210.0,-0.21,143.0,104.8,172.0,105.0,129.0,-2.81,255.0,0.49385749385749367,0.3545232273838631,0.4241903606206784
207,208.0,Appalachian St.,SB,15-18,-4.05,103.8,198,107.8,225,70.0,76.0,-0.026000000000000002,257.0,-2.26,207.0,103.5,244.0,105.8,161.0,-0.02,166.0,0.42014742014741996,0.42787286063569696,0.4240101403915585
208,209.0,Coastal Carolina,SB,14-18,-4.08,102.1,235,106.2,188,67.8,193.0,-0.052000000000000005,300.0,-1.87,189.0,104.1,206.0,106.0,171.0,1.13,141.0,0.3783783783783781,0.4669926650366748,0.4226855217075265
209,210.0,Colgate,Pat,19-13,-4.11,105.3,170,109.4,259,66.2,267.0,0.044000000000000004,70.0,-6.61,311.0,102.0,303.0,108.6,318.0,-2.53,242.0,0.45700245700245684,0.3887530562347187,0.42287775661858773
210,211.0,Fairfield,MAAC,17-16,-4.21,102.4,227,106.6,194,70.5,59.0,0.051,61.0,-4.09,260.0,103.6,235.0,107.7,271.0,-0.63,180.0,0.3857493857493858,0.4572127139364305,0.42148104984290813
211,212.0,Sam Houston St.,Slnd,19-14,-4.53,102.1,234,106.7,196,66.6,244.0,0.025,115.0,-4.83,278.0,102.4,293.0,107.3,254.0,4.52,53.0,0.3783783783783781,0.4547677261613692,0.4165730522698736
212,213.0,Kent St.,MAC,17-17,-4.63,102.4,228,107.0,207,68.6,151.0,0.066,38.0,-1.68,185.0,104.5,187.0,106.2,187.0,-1.67,212.0,0.3857493857493858,0.4474327628361858,0.4165910742927858
213,214.0,Hartford,AE,19-13,-4.81,102.7,220,107.5,214,66.4,259.0,0.068,31.0,-6.43,307.0,101.5,320.0,107.9,282.0,-6.2,326.0,0.3931203931203931,0.4352078239608802,0.4141641085406367
214,215.0,Saint Peter's,MAAC,14-18,-4.83,95.9,323,100.8,87,62.6,350.0,-0.037000000000000005,270.0,-3.95,258.0,104.4,194.0,108.4,310.0,-5.03,311.0,0.2260442260442261,0.5990220048899757,0.4125331154671009
215,216.0,Manhattan,MAAC,14-17,-4.84,99.7,266,104.5,154,65.7,290.0,-0.006999999999999999,195.0,-3.86,254.0,104.0,211.0,107.9,280.0,-3.59,284.0,0.3194103194103194,0.508557457212714,0.41398388831151667
216,217.0,Southern Miss,CUSA,16-18,-4.89,105.7,162,110.6,283,65.4,309.0,0.037000000000000005,84.0,1.85,108.0,105.4,150.0,103.5,85.0,4.32,58.0,0.4668304668304668,0.3594132029339855,0.41312183488222615
217,218.0,Tennessee Tech,OVC,19-14,-5.14,98.9,288,104.0,147,70.9,51.0,0.11800000000000001,3.0,-2.62,221.0,104.5,188.0,107.1,245.0,-0.26,175.0,0.2997542997542998,0.5207823960880196,0.4102683479211597
218,219.0,George Mason,A10,16-17,-5.16,102.4,225,107.6,219,69.0,121.0,0.11699999999999999,4.0,-0.43,148.0,105.7,138.0,106.1,183.0,-3.43,279.0,0.3857493857493858,0.43276283618581923,0.4092561109676025
219,220.0,South Alabama,SB,14-18,-5.31,97.2,310,102.5,117,70.3,70.0,-0.033,268.0,-2.68,222.0,103.5,247.0,106.1,182.0,-6.1,324.0,0.25798525798525795,0.5574572127139366,0.40772123534959726
220,221.0,Idaho St.,BSky,14-16,-5.47,103.6,201,109.1,254,68.1,179.0,-0.005,186.0,-3.2,236.0,104.4,190.0,107.6,269.0,-1.83,216.0,0.415233415233415,0.39608801955990236,0.40566071739665865
221,222.0,Loyola Marymount,WCC,11-20,-5.48,107.9,125,113.4,319,66.9,235.0,0.012,141.0,1.44,117.0,106.1,120.0,104.7,115.0,-2.05,224.0,0.5208845208845209,0.2909535452322737,0.40591903305839727
222,223.0,Louisiana Monroe,SB,16-15,-5.5,101.1,247,106.6,195,65.9,283.0,0.047,66.0,-2.7,223.0,103.1,262.0,105.8,168.0,-2.83,256.0,0.35380835380835357,0.4572127139364305,0.405510533872392
223,224.0,Stony Brook,AE,13-19,-5.53,97.0,314,102.5,116,68.3,165.0,0.009000000000000001,150.0,-2.11,200.0,104.6,183.0,106.7,224.0,1.41,130.0,0.253071253071253,0.5574572127139366,0.4052642328925948
224,225.0,Colorado St.,MWC,11-21,-5.55,103.0,218,108.5,237,69.6,96.0,0.037000000000000005,88.0,4.28,80.0,107.7,82.0,103.4,83.0,1.5,127.0,0.4004914004914004,0.41075794621026895,0.4056246733508347
225,226.0,Pittsburgh,ACC,8-24,-5.6,99.2,277,104.8,159,65.1,316.0,0.006999999999999999,155.0,9.55,35.0,110.6,33.0,101.1,29.0,-3.34,276.0,0.3071253071253071,0.5012224938875307,0.4041739005064189
226,227.0,Campbell,BSth,16-15,-5.66,104.7,185,110.4,277,67.9,186.0,-0.069,328.0,-7.27,325.0,101.3,325.0,108.6,316.0,-7.91,338.0,0.44226044226044225,0.3643031784841074,0.40328181037227484
227,228.0,Texas St.,SB,15-18,-5.68,100.1,258,105.8,184,62.7,348.0,0.003,169.0,-2.61,220.0,103.7,230.0,106.3,192.0,-6.57,329.0,0.329238329238329,0.47677261613691946,0.4030054726876242
228,229.0,Navy,Pat,20-12,-5.76,98.9,285,104.7,158,65.4,311.0,0.095,17.0,-8.01,332.0,101.3,326.0,109.3,335.0,-6.19,325.0,0.2997542997542998,0.5036674816625917,0.40171089070844573
229,230.0,Oral Roberts,Sum,11-21,-5.91,106.4,147,112.3,309,65.3,314.0,-0.033,267.0,3.53,85.0,107.9,76.0,104.4,108.0,8.75,11.0,0.4840294840294841,0.31784841075794623,0.40093894739371516
230,231.0,Mount St. Mary's,NEC,18-14,-6.07,104.2,190,110.2,274,64.7,323.0,0.028999999999999998,103.0,-8.07,334.0,101.4,321.0,109.5,340.0,-3.2,271.0,0.4299754299754299,0.3691931540342298,0.39958429200482987
231,232.0,Air Force,MWC,12-19,-6.12,100.9,250,107.0,203,65.9,279.0,0.022000000000000002,120.0,2.12,104.0,106.3,114.0,104.2,102.0,-4.68,302.0,0.34889434889434895,0.4474327628361858,0.3981635558652674
232,233.0,Columbia,Ivy,8-19,-6.14,107.5,132,113.7,322,69.9,82.0,-0.146,351.0,-3.31,239.0,103.2,257.0,106.5,212.0,-1.09,191.0,0.511056511056511,0.28361858190709044,0.3973375464818007
233,234.0,North Dakota,BSky,12-20,-6.16,103.4,207,109.6,265,71.4,38.0,0.015,132.0,1.59,113.0,106.7,102.0,105.1,137.0,7.02,21.0,0.4103194103194104,0.38386308068459674,0.3970912455020036
234,235.0,FIU,CUSA,14-18,-6.18,98.3,298,104.5,155,69.0,124.0,-0.039,276.0,-3.71,248.0,103.0,267.0,106.7,223.0,-6.78,332.0,0.28501228501228487,0.508557457212714,0.3967848711124994
235,236.0,James Madison,CAA,10-22,-6.2,101.5,242,107.7,223,67.8,190.0,-0.025,253.0,-2.02,196.0,106.0,124.0,108.0,292.0,-0.84,185.0,0.36363636363636354,0.43031784841075793,0.39697710602356073
236,237.0,Lehigh,Pat,16-14,-6.23,106.0,155,112.3,308,70.8,55.0,0.042,74.0,-6.59,310.0,101.6,312.0,108.2,302.0,-1.55,205.0,0.47420147420147407,0.31784841075794623,0.39602494247971015
237,238.0,Bowling Green,MAC,16-16,-6.31,102.4,229,108.7,240,70.1,75.0,0.066,37.0,-2.57,217.0,104.1,210.0,106.6,220.0,-4.44,299.0,0.3857493857493858,0.4058679706601467,0.39580867820476623
238,239.0,Cal St. Bakersfield,WAC,12-18,-6.32,97.9,304,104.2,152,65.3,313.0,-0.024,249.0,1.24,121.0,106.0,122.0,104.8,122.0,5.2,41.0,0.27518427518427524,0.5158924205378973,0.39553834786108627
239,240.0,High Point,BSth,14-16,-6.66,100.4,255,107.0,205,65.8,285.0,-0.08199999999999999,339.0,-6.31,304.0,102.0,304.0,108.3,306.0,-1.64,209.0,0.3366093366093367,0.4474327628361858,0.39202104972276125
240,241.0,California,P12,8-24,-6.78,98.7,294,105.5,172,68.6,148.0,0.008,153.0,5.93,71.0,109.7,49.0,103.7,90.0,-2.3,235.0,0.29484029484029484,0.4841075794621027,0.38947393715119877
241,242.0,Florida Atlantic,CUSA,12-19,-7.0,95.8,327,102.8,122,69.2,110.0,-0.025,251.0,-0.91,161.0,104.8,171.0,105.7,160.0,-0.25,174.0,0.22358722358722344,0.5501222493887532,0.3868547364879883
242,243.0,UTEP,CUSA,11-20,-7.21,97.9,303,105.1,166,67.6,198.0,-0.039,275.0,-1.58,179.0,104.4,193.0,106.0,173.0,-2.06,226.0,0.27518427518427524,0.49388753056234735,0.3845359028733113
243,244.0,Robert Morris,NEC,16-17,-7.45,95.2,330,102.7,120,69.2,108.0,0.036000000000000004,92.0,-5.13,286.0,103.4,251.0,108.5,313.0,1.42,129.0,0.20884520884520882,0.5525672371638142,0.3807062230045115
244,245.0,Southern Utah,BSky,13-19,-7.47,102.7,219,110.2,271,71.7,28.0,0.062,43.0,0.08,139.0,106.5,111.0,106.4,199.0,5.34,37.0,0.3931203931203931,0.3691931540342298,0.3811567735773115
245,246.0,Hampton,MEAC,19-15,-7.56,101.7,240,109.3,257,71.6,30.0,-0.017,220.0,-11.39,347.0,99.6,342.0,111.0,350.0,1.38,131.0,0.36855036855036855,0.39119804400978,0.3798742062800743
246,247.0,UNC Wilmington,CAA,11-21,-7.58,104.5,187,112.1,305,71.9,26.0,-0.023,243.0,-0.21,144.0,107.0,99.0,107.2,249.0,3.07,84.0,0.43734643734643724,0.3227383863080686,0.38004241182725296
247,248.0,Charleston Southern,BSth,15-16,-7.63,99.6,269,107.2,209,66.4,258.0,-0.019,231.0,-5.98,301.0,102.8,276.0,108.7,322.0,-0.95,186.0,0.31695331695331674,0.44254278728606355,0.37974805211969015
248,249.0,Texas Southern 16,SWAC,15-19,-7.66,105.3,173,112.9,315,71.6,35.0,-0.009000000000000001,199.0,-6.74,315.0,101.0,329.0,107.7,273.0,17.47,1.0,0.45700245700245684,0.3031784841075793,0.3800904705550181
249,250.0,Delaware,CAA,14-19,-7.72,102.2,230,109.9,269,65.9,282.0,0.015,138.0,-2.43,214.0,105.5,143.0,107.9,284.0,-3.16,268.0,0.3808353808353808,0.37652811735941305,0.37868174909739694
250,251.0,LIU Brooklyn 16,NEC,18-16,-7.8,103.3,211,111.1,294,71.4,39.0,0.015,136.0,-8.39,335.0,100.7,335.0,109.0,330.0,-5.78,317.0,0.4078624078624077,0.34718826405867986,0.3775253359605438
251,252.0,Elon,CAA,14-18,-7.82,103.8,196,111.6,301,67.3,218.0,0.061,48.0,-0.87,159.0,105.8,135.0,106.6,219.0,2.5,92.0,0.42014742014741996,0.33496332518337424,0.37755537266539707
252,253.0,Drexel,CAA,13-20,-7.86,103.2,215,111.0,293,69.0,123.0,0.064,40.0,-2.0,195.0,105.9,132.0,107.9,281.0,-2.08,227.0,0.4054054054054054,0.34963325183374083,0.3775193286195731
253,254.0,NJIT,ASun,14-16,-8.04,98.9,286,106.9,200,66.9,233.0,-0.024,246.0,-7.01,320.0,103.8,223.0,110.8,348.0,-2.28,234.0,0.2997542997542998,0.4498777506112468,0.3748160251827733
254,255.0,Northern Illinois,MAC,13-19,-8.05,103.5,206,111.6,299,67.0,229.0,0.002,172.0,-1.58,180.0,105.0,166.0,106.6,213.0,-3.8,290.0,0.4127764127764127,0.33496332518337424,0.3738698689798935
255,256.0,Southeast Missouri St.,OVC,14-17,-8.14,108.7,109,116.8,339,69.2,112.0,0.021,123.0,-4.28,264.0,102.3,296.0,106.6,214.0,-2.14,230.0,0.5405405405405405,0.2078239608801956,0.37418225071036804
256,257.0,Eastern Illinois,OVC,12-19,-8.22,99.3,275,107.5,215,65.5,304.0,0.009000000000000001,149.0,-2.23,205.0,103.8,225.0,106.0,176.0,2.2,104.0,0.3095823095823094,0.4352078239608802,0.37239506677159484
257,258.0,Akron,MAC,14-18,-8.29,102.1,237,110.4,278,67.7,195.0,0.068,32.0,-1.99,193.0,104.8,173.0,106.8,226.0,-4.99,309.0,0.3783783783783781,0.3643031784841074,0.3713407784312428
258,259.0,UT Rio Grande Valley,WAC,15-17,-8.36,99.5,270,107.9,227,73.8,8.0,0.077,24.0,-2.36,209.0,102.5,289.0,104.8,123.0,-2.53,243.0,0.3144963144963144,0.42542787286063555,0.369962093678475
259,260.0,Boston University,Pat,15-16,-8.39,100.4,254,108.8,247,67.5,210.0,0.057,55.0,-5.38,292.0,102.6,280.0,108.0,288.0,-2.2,232.0,0.3366093366093367,0.4034229828850857,0.3700161597472112
260,261.0,Gardner Webb,BSth,14-18,-8.62,97.8,306,106.5,193,67.7,197.0,0.021,122.0,-2.72,224.0,103.6,236.0,106.3,191.0,7.0,22.0,0.2727272727272726,0.45965770171149145,0.366192487219382
261,262.0,UC Riverside,BW,9-22,-8.8,94.9,332,103.7,137,68.2,176.0,-0.067,322.0,-0.63,154.0,104.6,182.0,105.2,141.0,2.44,95.0,0.20147420147420153,0.5281173594132029,0.3647957804437022
262,263.0,Pepperdine,WCC,6-26,-8.84,105.7,163,114.6,325,67.5,206.0,-0.055999999999999994,308.0,1.99,106.0,107.1,94.0,105.1,133.0,-0.23,173.0,0.4668304668304668,0.2616136919315405,0.36422207938100365
263,264.0,Army,Pat,13-17,-8.86,100.0,259,108.9,250,70.4,65.0,-0.045,285.0,-7.07,321.0,102.3,295.0,109.4,337.0,-4.66,301.0,0.3267813267813267,0.4009779951100243,0.3638796609456755
264,265.0,Abilene Christian,Slnd,16-15,-8.89,98.8,292,107.7,221,68.4,162.0,0.023,118.0,-6.69,313.0,101.5,315.0,108.2,301.0,-2.99,264.0,0.29729729729729715,0.43031784841075793,0.36380757285402754
265,266.0,Portland,WCC,10-22,-8.96,99.7,265,108.6,239,67.1,224.0,-0.001,178.0,2.15,103.0,107.4,88.0,105.2,142.0,1.21,138.0,0.3194103194103194,0.408312958435208,0.3638616389227637
266,267.0,Cornell,Ivy,12-16,-8.98,104.8,181,113.8,323,69.2,114.0,0.057,54.0,-3.0,232.0,104.1,209.0,107.1,242.0,-1.68,213.0,0.44471744471744457,0.28117359413202936,0.36294551942473696
267,268.0,Montana St.,BSky,13-19,-9.13,102.5,223,111.6,300,69.6,93.0,0.026000000000000002,111.0,-2.46,215.0,105.0,164.0,107.5,264.0,-1.65,210.0,0.3882063882063881,0.33496332518337424,0.36158485669488116
268,269.0,Brown,Ivy,11-16,-9.17,101.1,246,110.3,275,71.7,29.0,0.004,165.0,-5.27,289.0,102.9,269.0,108.2,298.0,-6.69,330.0,0.35380835380835357,0.36674816625916873,0.3602782600337612
269,270.0,New Orleans,Slnd,15-16,-9.21,98.2,299,107.4,213,66.2,266.0,0.047,65.0,-4.35,266.0,102.1,299.0,106.5,207.0,11.22,3.0,0.28255528255528256,0.43765281173594117,0.36010404714561184
270,271.0,Green Bay,Horz,13-20,-9.23,99.8,261,109.1,253,72.2,23.0,-0.027999999999999997,258.0,-4.43,267.0,102.8,272.0,107.3,256.0,0.29,156.0,0.3218673218673217,0.39608801955990236,0.35897767071361203
271,272.0,Prairie View A&M;,SWAC,16-18,-9.41,101.6,241,111.0,290,70.8,54.0,0.01,147.0,-7.91,331.0,100.4,336.0,108.3,304.0,10.79,4.0,0.36609336609336585,0.34963325183374083,0.35786330896355334
272,273.0,Santa Clara,WCC,11-20,-9.72,99.8,262,109.6,262,64.6,325.0,0.018000000000000002,127.0,-0.46,149.0,106.0,125.0,106.5,205.0,-6.51,328.0,0.3218673218673217,0.38386308068459674,0.3528652012759592
273,274.0,Fairleigh Dickinson,NEC,13-18,-9.85,102.6,221,112.5,313,70.4,63.0,0.025,114.0,-4.97,281.0,102.8,274.0,107.8,276.0,5.95,32.0,0.39066339066339045,0.31295843520782396,0.3518109129356072
274,275.0,UMKC,WAC,10-22,-10.03,98.8,290,108.8,248,69.3,107.0,-0.009000000000000001,198.0,0.37,137.0,105.3,152.0,105.0,126.0,2.31,99.0,0.29729729729729715,0.4034229828850857,0.35036014009119143
275,276.0,Morehead St.,OVC,8-21,-10.08,99.3,274,109.4,258,68.5,159.0,-0.069,330.0,-0.59,152.0,105.1,162.0,105.7,159.0,7.72,17.0,0.3095823095823094,0.3887530562347187,0.3491676829085141
276,277.0,Nebraska Omaha,Sum,9-22,-10.26,104.6,186,114.9,328,69.8,87.0,0.012,142.0,2.51,99.0,107.6,83.0,105.1,136.0,4.78,48.0,0.43980343980343956,0.2542787286063568,0.3470410842048982
277,278.0,Quinnipiac,MAAC,12-21,-10.29,102.2,232,112.5,312,66.5,253.0,0.079,22.0,-3.75,250.0,103.6,233.0,107.4,258.0,-3.52,280.0,0.3808353808353808,0.31295843520782396,0.3468969080216024
278,279.0,Lafayette,Pat,10-21,-10.32,102.1,236,112.4,311,68.3,169.0,-0.09699999999999999,345.0,-6.39,305.0,101.9,305.0,108.3,307.0,-2.52,241.0,0.3783783783783781,0.31540342298288493,0.34689090068063155
279,280.0,South Florida,Amer,10-22,-10.41,99.1,282,109.6,263,64.5,327.0,-0.013000000000000001,209.0,-1.44,174.0,104.1,204.0,105.6,153.0,-11.59,347.0,0.3046683046683044,0.38386308068459674,0.3442656926764506
280,281.0,Arkansas St.,SB,11-21,-10.46,104.8,179,115.3,332,69.5,98.0,0.017,130.0,-1.91,190.0,103.4,248.0,105.4,146.0,-2.62,246.0,0.44471744471744457,0.24449877750611249,0.3446081111117785
281,282.0,Sacramento St.,BSky,7-25,-10.47,100.2,257,110.6,282,65.5,303.0,-0.067,321.0,0.64,133.0,106.3,115.0,105.7,155.0,4.04,68.0,0.33169533169533166,0.3594132029339855,0.34555426731465855
282,283.0,New Hampshire,AE,10-21,-10.56,98.4,296,109.0,251,65.4,310.0,-0.069,327.0,-4.81,276.0,102.7,277.0,107.5,266.0,-3.75,287.0,0.2874692874692875,0.39853300733496333,0.3430011474021254
283,284.0,North Florida,ASun,14-19,-10.71,107.9,122,118.6,345,73.6,10.0,0.07400000000000001,27.0,-0.64,155.0,105.3,156.0,105.9,170.0,10.11,6.0,0.5208845208845209,0.1638141809290955,0.3423493509068082
284,285.0,Bethune Cookman,MEAC,18-14,-11.1,99.9,260,111.0,289,76.0,3.0,0.025,113.0,-13.15,351.0,97.6,351.0,110.8,347.0,-5.21,314.0,0.3243243243243244,0.34963325183374083,0.3369787880790326
285,286.0,Eastern Kentucky,OVC,11-20,-11.13,101.9,239,113.0,316,68.5,157.0,0.017,129.0,-2.4,212.0,103.6,234.0,106.0,177.0,1.17,139.0,0.3734643734643735,0.30073349633251834,0.3370989348984459
286,287.0,IUPUI,Horz,11-19,-11.22,98.2,300,109.5,260,66.1,276.0,0.03,101.0,-3.48,245.0,103.5,241.0,107.0,234.0,2.67,89.0,0.28255528255528256,0.3863080684596577,0.3344316755074701
287,288.0,UMass Lowell,AE,12-18,-11.3,103.7,200,115.0,330,71.6,33.0,0.002,170.0,-6.84,317.0,101.2,327.0,108.0,290.0,-9.34,342.0,0.41769041769041765,0.25183374083129584,0.33476207926085677
288,289.0,Western Illinois,Sum,12-16,-11.37,96.6,318,108.0,229,68.0,181.0,0.006,159.0,-1.64,182.0,105.4,149.0,107.0,239.0,-6.46,327.0,0.243243243243243,0.4229828850855746,0.3331130641644088
289,290.0,Holy Cross,Pat,12-19,-11.47,97.7,308,109.2,256,62.9,345.0,0.026000000000000002,109.0,-5.84,297.0,102.2,298.0,108.1,293.0,-3.07,266.0,0.27027027027027023,0.39364303178484106,0.33195665102755567
290,291.0,McNeese St.,Slnd,12-17,-11.57,100.8,251,112.4,310,70.4,64.0,-0.025,250.0,-4.83,277.0,102.0,301.0,106.8,229.0,7.56,19.0,0.34643734643734625,0.31540342298288493,0.3309203847101156
291,292.0,Fordham,A10,9-22,-11.62,94.7,334,106.4,190,65.9,280.0,0.009000000000000001,151.0,-0.1,142.0,105.1,163.0,105.2,140.0,-5.13,313.0,0.19656019656019655,0.4621026894865524,0.32933144302337447
292,293.0,Tennessee Martin,OVC,10-21,-11.73,95.8,328,107.5,217,66.1,275.0,-0.019,230.0,-4.22,262.0,103.7,229.0,107.9,285.0,-2.63,247.0,0.22358722358722344,0.4352078239608802,0.32939752377405185
293,294.0,Little Rock,SB,7-25,-11.74,94.3,338,106.0,186,65.0,319.0,-0.057999999999999996,310.0,-0.88,160.0,104.6,181.0,105.5,149.0,0.17,163.0,0.18673218673218658,0.4718826405867971,0.32930741365949184
294,295.0,Rice,CUSA,7-24,-11.88,99.0,284,110.9,286,67.5,209.0,-0.040999999999999995,280.0,-0.31,145.0,104.3,197.0,104.6,113.0,1.38,132.0,0.3022113022113021,0.3520782396088018,0.32714477091005195
295,296.0,Grambling St.,SWAC,17-14,-11.89,94.5,335,106.4,189,72.2,22.0,0.102,11.0,-9.81,343.0,99.2,346.0,109.0,329.0,3.34,81.0,0.19164619164619157,0.4621026894865524,0.326874440566372
296,297.0,Samford,SC,10-22,-11.94,108.1,120,120.1,349,71.2,46.0,-0.036000000000000004,269.0,-1.72,186.0,104.0,214.0,105.7,157.0,4.11,65.0,0.5257985257985256,0.12713936430317863,0.3264689450508521
297,298.0,San Jose St.,MWC,4-26,-12.04,95.9,325,107.9,228,67.0,230.0,-0.03,261.0,3.57,84.0,107.8,80.0,104.2,104.0,-0.08,167.0,0.2260442260442261,0.42542787286063555,0.32573604945243084
298,299.0,Dartmouth,Ivy,7-20,-12.15,98.7,293,110.9,287,66.8,241.0,-0.043,281.0,-3.44,243.0,104.0,212.0,107.4,262.0,-2.77,252.0,0.29484029484029484,0.3520782396088018,0.3234592672245483
299,300.0,Binghamton,AE,11-20,-12.19,97.6,309,109.8,267,66.0,277.0,-0.061,315.0,-6.84,318.0,101.4,322.0,108.2,299.0,-8.37,339.0,0.2678132678132676,0.37897310513447435,0.32339318647387094
300,301.0,Siena,MAAC,8-24,-12.24,96.8,316,109.0,252,65.6,295.0,-0.015,216.0,-2.6,218.0,104.7,178.0,107.3,252.0,0.78,148.0,0.248157248157248,0.39853300733496333,0.3233451277461057
301,302.0,Western Carolina,SC,13-19,-12.26,96.1,321,108.3,233,69.4,102.0,0.102,12.0,-0.35,147.0,105.6,139.0,106.0,172.0,5.35,36.0,0.23095823095823073,0.41564792176039134,0.32330307635931105
302,303.0,Sacred Heart,NEC,10-21,-12.32,96.5,320,108.8,245,68.3,167.0,-0.076,334.0,-7.51,329.0,101.6,314.0,109.1,331.0,-3.75,288.0,0.2407862407862407,0.4034229828850857,0.3221046118356632
303,304.0,North Carolina A&T;,MEAC,20-14,-12.47,98.8,291,111.2,296,69.3,105.0,0.10099999999999999,13.0,-11.95,349.0,99.0,348.0,110.9,349.0,-1.06,189.0,0.29729729729729715,0.34474327628361856,0.32102028679045785
304,305.0,Chattanooga,SC,10-23,-12.57,99.6,268,112.1,307,65.5,306.0,-0.024,247.0,-3.15,234.0,103.8,222.0,106.9,232.0,-2.16,231.0,0.31695331695331674,0.3227383863080686,0.3198458516306927
305,306.0,Central Connecticut,NEC,14-18,-12.61,98.4,297,111.0,292,64.5,328.0,0.066,36.0,-6.81,316.0,101.5,317.0,108.3,308.0,-3.52,281.0,0.2874692874692875,0.34963325183374083,0.31855126965151415
306,307.0,Cleveland St.,Horz,12-23,-12.63,97.9,305,110.5,281,67.0,227.0,0.032,99.0,-3.87,255.0,103.2,258.0,107.0,240.0,-1.1,192.0,0.27518427518427524,0.36185819070904646,0.31852123294666085
307,308.0,East Carolina,Amer,10-20,-12.72,97.1,313,109.8,268,68.7,145.0,0.026000000000000002,112.0,-2.13,203.0,103.4,250.0,105.5,150.0,-16.28,349.0,0.2555282555282553,0.37897310513447435,0.31725068033136483
308,309.0,North Carolina Central 16,MEAC,19-15,-12.74,98.2,301,110.9,288,64.9,320.0,0.017,128.0,-12.75,350.0,98.7,349.0,111.4,351.0,-1.58,206.0,0.28255528255528256,0.3520782396088018,0.3173167610820422
309,310.0,St. Francis NY,NEC,13-18,-12.82,99.1,283,111.9,302,69.2,111.0,0.022000000000000002,119.0,-6.73,314.0,101.8,309.0,108.5,314.0,-1.98,220.0,0.3046683046683044,0.32762836185819055,0.3161483332632475
310,311.0,Kennesaw St.,ASun,10-20,-12.9,99.1,281,112.0,303,68.5,158.0,-0.023,244.0,-4.28,265.0,104.3,198.0,108.5,315.0,2.73,88.0,0.3046683046683044,0.3251833740831296,0.314925839375717
311,312.0,Texas A&M; Corpus Chris,Slnd,11-18,-12.93,94.9,333,107.8,224,68.2,178.0,-0.015,214.0,-5.9,299.0,101.4,323.0,107.3,253.0,4.89,46.0,0.20147420147420153,0.42787286063569696,0.3146735310549492
312,313.0,Norfolk St.,MEAC,14-19,-13.04,95.7,329,108.8,244,69.0,126.0,0.002,171.0,-10.61,345.0,99.6,344.0,110.2,345.0,1.16,140.0,0.22113022113022113,0.4034229828850857,0.3122766020076534
313,314.0,Stetson,ASun,12-20,-13.34,98.8,289,112.1,306,69.7,89.0,-0.040999999999999995,279.0,-6.29,303.0,102.5,287.0,108.8,325.0,-4.03,293.0,0.29729729729729715,0.3227383863080686,0.3100178418026829
314,315.0,The Citadel,SC,11-21,-13.4,101.9,238,115.3,331,77.2,2.0,0.062,44.0,-2.38,210.0,104.0,213.0,106.4,200.0,0.66,150.0,0.3734643734643735,0.24449877750611249,0.30898157548524297
315,316.0,Savannah St.,MEAC,15-17,-13.41,101.3,245,114.7,326,82.2,1.0,0.10800000000000001,10.0,-6.45,308.0,101.7,311.0,108.2,297.0,15.75,2.0,0.3587223587223586,0.2591687041564791,0.30894553143941883
316,317.0,Charlotte,CUSA,6-23,-13.57,99.2,276,112.8,314,71.2,47.0,-0.024,248.0,-0.33,146.0,104.7,176.0,105.0,130.0,-2.98,263.0,0.3071253071253071,0.3056234718826406,0.3063743895039739
317,318.0,SIU Edwardsville,OVC,9-21,-13.67,99.8,263,113.5,321,69.2,113.0,0.069,29.0,-2.73,225.0,103.8,221.0,106.5,210.0,-1.08,190.0,0.3218673218673217,0.2885085574572127,0.3051879396622672
318,319.0,Marist,MAAC,6-25,-14.35,98.9,287,113.2,317,69.6,95.0,-0.048,293.0,-3.85,253.0,103.9,216.0,107.8,275.0,-3.2,270.0,0.2997542997542998,0.29584352078239606,0.2977989102683479
319,320.0,Jacksonville,ASun,15-18,-14.36,94.4,337,108.7,242,68.6,155.0,0.06,49.0,-6.64,312.0,102.8,273.0,109.5,338.0,-2.98,262.0,0.18918918918918926,0.4058679706601467,0.29752857992466797
320,321.0,Detroit,Horz,8-24,-14.68,102.6,222,117.3,342,72.4,19.0,-0.011000000000000001,202.0,-2.25,206.0,103.9,215.0,106.2,185.0,5.11,42.0,0.39066339066339045,0.19559902200489,0.29313120633414025
321,322.0,Cal Poly,BW,9-22,-14.68,98.7,295,113.4,320,66.2,270.0,0.051,60.0,-0.84,157.0,104.4,192.0,105.3,144.0,0.9,146.0,0.29484029484029484,0.2909535452322737,0.29289692003628426
322,323.0,Morgan St.,MEAC,13-19,-14.7,96.7,317,111.4,298,68.8,134.0,-0.06,313.0,-11.54,348.0,99.1,347.0,110.7,346.0,0.73,149.0,0.24570024570024568,0.3398533007334962,0.2927767732168709
323,324.0,Loyola MD,Pat,9-22,-14.78,96.5,319,111.3,297,68.3,166.0,0.02,124.0,-5.26,288.0,103.0,264.0,108.3,305.0,-1.47,203.0,0.2407862407862407,0.3422982885085575,0.2915422646473991
324,325.0,Youngstown St.,Horz,8-24,-15.08,101.4,244,116.5,338,71.1,49.0,-0.01,201.0,-1.94,191.0,103.5,238.0,105.5,148.0,5.54,34.0,0.3611793611793612,0.21515892420537897,0.2881691426923701
325,326.0,Northern Arizona,BSky,5-27,-15.71,93.9,339,109.6,264,68.6,152.0,-0.03,262.0,0.86,130.0,106.0,123.0,105.2,139.0,4.3,59.0,0.17690417690417695,0.38386308068459674,0.28038362879438683
326,327.0,Southern,SWAC,15-18,-15.72,94.4,336,110.2,270,67.9,187.0,0.051,59.0,-11.17,346.0,98.5,350.0,109.7,341.0,6.79,25.0,0.18918918918918926,0.3691931540342298,0.27919117161170953
327,328.0,Cal St. Northridge,BW,6-24,-16.11,97.2,311,113.3,318,65.7,291.0,-0.047,290.0,-2.6,219.0,103.5,245.0,106.1,179.0,-2.96,261.0,0.25798525798525795,0.293398533007335,0.27569189549629647
328,329.0,American,Pat,6-24,-16.22,95.9,326,112.1,304,66.5,251.0,-0.061,314.0,-5.94,300.0,102.6,279.0,108.6,317.0,-2.62,245.0,0.2260442260442261,0.3227383863080686,0.2743913061761474
329,330.0,Arkansas Pine Bluff,SWAC,14-21,-16.6,93.7,340,110.3,276,67.4,211.0,0.044000000000000004,71.0,-9.5,342.0,99.3,345.0,108.8,327.0,3.92,71.0,0.17199017199017197,0.36674816625916873,0.26936916912467035
330,331.0,VMI,SC,9-21,-17.36,90.3,346,107.7,222,68.8,133.0,0.024,117.0,-3.44,242.0,104.5,185.0,108.0,289.0,-2.23,233.0,0.08845208845208831,0.43031784841075793,0.2593849684314231
331,332.0,Houston Baptist,Slnd,6-25,-17.65,99.2,279,116.9,340,73.4,13.0,-0.092,342.0,-3.32,240.0,103.0,266.0,106.3,195.0,9.71,7.0,0.3071253071253071,0.2053789731051343,0.2562521401152207
332,333.0,Maine,AE,6-26,-17.66,91.1,342,108.8,246,71.3,41.0,-0.002,179.0,-2.77,226.0,103.8,219.0,106.6,218.0,-1.28,198.0,0.10810810810810789,0.4034229828850857,0.2557655454965968
333,334.0,Presbyterian,BSth,11-21,-17.79,98.1,302,115.9,336,63.3,343.0,0.062,47.0,-5.09,285.0,102.0,300.0,107.1,246.0,-3.12,267.0,0.28009828009827986,0.22982885085574556,0.2549635654770127
334,335.0,Howard,MEAC,10-23,-18.96,99.7,264,118.7,346,69.8,85.0,-0.039,273.0,-9.16,341.0,100.2,338.0,109.4,336.0,2.47,94.0,0.3194103194103194,0.16136919315403409,0.24038975628217674
335,336.0,Alcorn St.,SWAC,11-21,-19.61,95.2,331,114.8,327,67.9,184.0,-0.055,304.0,-8.96,338.0,100.0,341.0,109.0,328.0,10.33,5.0,0.20884520884520882,0.2567237163814181,0.23278446261331348
336,337.0,Jackson St.,SWAC,12-20,-19.82,89.6,348,109.5,261,64.1,337.0,0.062,42.0,-9.96,344.0,100.0,340.0,110.0,343.0,4.49,55.0,0.07125307125307104,0.3863080684596577,0.22878056985636436
337,338.0,USC Upstate,ASun,7-25,-19.86,105.5,168,125.3,351,69.0,122.0,-0.051,296.0,-3.27,238.0,103.5,237.0,106.8,228.0,1.89,112.0,0.4619164619164618,0.0,0.2309582309582309
338,339.0,Alabama St.,SWAC,8-23,-20.12,96.0,322,116.1,337,68.7,141.0,-0.018000000000000002,225.0,-9.14,340.0,99.6,343.0,108.7,323.0,4.79,47.0,0.22850122850122842,0.22493887530562362,0.22672005190342603
339,340.0,Longwood,BSth,7-26,-20.49,89.9,347,110.4,279,69.0,118.0,-0.039,274.0,-3.76,251.0,103.2,256.0,107.0,238.0,-0.4,177.0,0.07862407862407869,0.3643031784841074,0.22146362855409307
340,341.0,Florida A&M;,MEAC,9-25,-21.13,95.9,324,117.1,341,67.0,226.0,0.04,79.0,-7.2,323.0,101.5,318.0,108.7,320.0,6.73,26.0,0.2260442260442261,0.20048899755501237,0.21326661179961925
341,342.0,Incarnate Word,Slnd,7-21,-21.58,93.7,341,115.3,334,69.6,94.0,-0.006,190.0,-5.23,287.0,101.8,308.0,107.0,241.0,8.6,12.0,0.17199017199017197,0.24449877750611249,0.20824447474814223
342,343.0,South Carolina St.,MEAC,10-22,-21.74,97.2,312,118.9,347,70.4,62.0,0.03,102.0,-8.58,337.0,100.7,333.0,109.3,334.0,4.89,45.0,0.25798525798525795,0.1564792176039118,0.20723223779458488
343,344.0,Bryant,NEC,3-28,-21.76,99.2,280,120.9,350,70.1,74.0,-0.013000000000000001,207.0,-4.73,273.0,102.5,284.0,107.3,255.0,1.63,120.0,0.3071253071253071,0.10757946210268932,0.20735238461399821
344,345.0,Northwestern St.,Slnd,4-25,-22.36,88.6,349,111.0,291,68.8,136.0,-0.08,338.0,-3.24,237.0,103.1,260.0,106.4,198.0,8.16,14.0,0.04668304668304647,0.34963325183374083,0.19815814925839365
345,346.0,Chicago St.,WAC,3-29,-22.47,96.9,315,119.4,348,72.1,24.0,-0.063,317.0,3.22,88.0,106.6,106.0,103.4,84.0,6.3,28.0,0.2506142506142507,0.1442542787286062,0.19743426467142844
346,347.0,Coppin St.,MEAC,5-27,-23.97,86.8,350,110.7,284,67.0,228.0,-0.026000000000000002,255.0,-6.93,319.0,101.3,324.0,108.2,303.0,5.53,35.0,0.0024570024570023173,0.3569682151589242,0.17971260880796325
347,348.0,Mississippi Valley St.,SWAC,4-28,-24.4,90.5,345,114.9,329,69.4,101.0,-0.032,266.0,-7.36,327.0,100.8,332.0,108.1,295.0,7.5,20.0,0.09336609336609329,0.2542787286063568,0.17382241098622506
348,349.0,Maryland Eastern Shore,MEAC,7-25,-26.96,91.1,343,118.0,343,65.8,286.0,-0.018000000000000002,224.0,-7.21,324.0,101.6,313.0,108.8,326.0,7.72,16.0,0.10810810810810789,0.1784841075794621,0.143296107843785
349,350.0,Delaware St.,MEAC,4-28,-27.97,90.6,344,118.5,344,64.9,321.0,-0.094,344.0,-9.0,339.0,100.1,339.0,109.1,332.0,1.59,122.0,0.0958230958230956,0.16625916870415647,0.13104113226362604
350,351.0,Alabama A&M;,SWAC,3-28,-28.57,86.7,351,115.3,333,65.7,292.0,-0.04,277.0,-8.07,333.0,100.7,334.0,108.7,321.0,4.96,44.0,0.0,0.24449877750611249,0.12224938875305624
351,70.5,Last In,N/A,16-16,10.975,111.62,70,100.67,89,67.64,180.1,0.0129,155.1,0.846,152.5,106.1,143.8,105.26,161.9,-0.101,170.9,0.6122850122850123,0.602200488997555,0.6072427506412836
